{"train": [0.0015737033622749781, 0.00111124445723717, 0.0008502176408340239, 0.000715098181005441, 0.0006032942969872916, 0.0005252592964097857, 0.00045984287566694794, 0.00041911810719392307, 0.0003971352002196708, 0.00036644675572584305, 0.00033528987200875465, 0.00033254774683944374, 0.00031987003369406814, 0.00030184303601745957, 0.00028480128168081073, 0.00027076463743854883, 0.0002599279080533375, 0.00024856139498297125, 0.0002399368193868737, 0.00023206410894044123, 0.00022276815335795094, 0.0002103530159575265, 0.00019796790964052996, 0.00019063843513831053, 0.00018610179047415948, 0.00018168612389718734, 0.00018018047262172577, 0.0001765148261842176, 0.00017002701682385877, 0.00016827839702936048, 0.0001640311174461681, 0.00016391397144554688, 0.0001605124499153551, 0.0001601164535790982, 0.00015793336132122993, 0.00015238201000502776, 0.00014257247034870718, 0.00013481788815717386, 0.00012681798521583206, 0.00012471469800418117, 0.00012356455248417492, 0.00012247734375088872, 0.00012063506807662325, 0.00011961333728908419, 0.00011881049246412812, 0.00012091902971082225, 0.00011784564967610541, 0.00011415498787971308, 0.00011359580914081484, 0.00011154080635544417, 0.00010783617872837536, 0.00010570284945769945, 0.00010521869731068579, 0.00010289495561264013, 0.00010001143059294703, 9.644894613548956e-05, 9.365769080231676e-05, 9.466170420144068e-05, 9.372541504582564e-05, 9.276688766569073e-05, 9.098334043825408e-05, 9.044451791727995e-05, 8.993903722543017e-05, 9.130437535794167e-05, 9.229217878675041e-05, 9.104846870641114e-05, 8.892475590859619e-05, 8.747812528982049e-05, 8.755452376967928e-05, 8.646077549201436e-05, 8.583836498180941e-05, 8.612306346086848e-05, 8.837546155811682e-05, 9.354296855883026e-05, 9.2242665155258e-05, 9.420936130790308e-05, 0.00010347797735633676, 0.00010182393773486523, 9.85702072438918e-05, 9.291030869077322e-05, 8.563845249690053e-05, 8.120928673710974e-05, 7.590710996182525e-05, 7.26738253433723e-05, 7.270113780840016e-05, 7.101881616971835e-05, 7.109690939275533e-05, 7.077708826311549e-05, 6.998542713995833e-05, 6.855164382752757e-05, 6.714175975441506e-05, 6.788823132302565e-05, 6.661691539624896e-05, 6.463305988414134e-05, 6.491681600336807e-05, 6.368385016931995e-05, 6.297385951225898e-05, 6.468866824002747e-05, 6.644384293240827e-05, 6.666358924614882e-05], "val": [0.0022499900854503116, 0.001712844610059013, 0.0014659898394408326, 0.0012985698025052745, 0.0011051175145742793, 0.0010431221065421898, 0.0009235723991878331, 0.0008693767983155946, 0.000830236686548839, 0.0007558396318927407, 0.0007718275883235037, 0.0007960639389542242, 0.0007261322850051025, 0.0007077492579507331, 0.0006970291724428535, 0.0006614873418584466, 0.000650938522691528, 0.0006401783903129399, 0.0006218788136417667, 0.000617140787653625, 0.0005626102016928295, 0.0005475475336425006, 0.0005393294074262182, 0.0005195688766737779, 0.0005378166679292917, 0.0005385321758997937, 0.0005308447871357203, 0.0005096829845570028, 0.0005211577905962864, 0.0005206873368782302, 0.0005093491830242177, 0.0005012899055145681, 0.0005003274709451944, 0.0005075437463043878, 0.0005122164341931542, 0.0005018745626633366, 0.0004993308490763108, 0.0004939611826557666, 0.0004864593599146853, 0.0004976866281746576, 0.00048464064214689034, 0.00048257928574457765, 0.0004814625717699528, 0.000488529660894225, 0.0004966285390158495, 0.0004947396907179306, 0.0004883421546158692, 0.0004940718160166094, 0.0005032266393148651, 0.0005102313977355758, 0.0004950532165821642, 0.00047960997714350623, 0.00047591283995037276, 0.0004971225571352988, 0.00048217386938631535, 0.00047898634026447934, 0.00046868059628953535, 0.00048065269947983325, 0.0004685978055931628, 0.0004776479424132655, 0.0004903494943088541, 0.0005070151722369095, 0.0005099211120977998, 0.000509956938913092, 0.0004973166796844453, 0.00048716375992322963, 0.0004963501123711467, 0.00048684711994913715, 0.00047900210483931005, 0.00048495470158134896, 0.00048316528166954714, 0.0005010641665042689, 0.0005253443766074876, 0.0005390595179051161, 0.0005423945258371532, 0.0005866269930265844, 0.0005715895482959846, 0.0005656806558060149, 0.0005385642095158497, 0.0005344955328231057, 0.0005046254567181071, 0.00048468329866106313, 0.00048363788907105726, 0.00048338389994266134, 0.0004705125465989113, 0.0004694446494492392, 0.00046829902566969395, 0.00046632143009143573, 0.0004522423744977762, 0.0004588130977936089, 0.0004606785175080101, 0.0004665928815181057, 0.00046485567387814325, 0.0004635168976771335, 0.0004626000009011477, 0.00046023216176157195, 0.00046202002946908277, 0.00046767191573356587, 0.00045617764893298346, 0.0004626778148425122]}