{
    "train": {
        "6": 2.0283020222612462,
        "12": 4.388694586973876,
        "18": 6.965476725694366,
        "24": 10.038386227972044
    },
    "test": {
        "6": 2.6069977733958036,
        "12": 6.427956447292002,
        "18": 11.460187324205869,
        "24": 17.53404729708404
    },
    "validation": {
        "6": 3.543627250364067,
        "12": 9.08232185643746,
        "18": 16.219808008013622,
        "24": 24.469120812650193
    }
}