{"train": [0.002162147581703582, 0.002042769294595188, 0.0018247188526695057, 0.001679267993757217, 0.0014315332982578646, 0.0012017772010117138, 0.0010213012801151785, 0.0008577408438737868, 0.00074747286468618, 0.0006400938949871303, 0.0005926143361247634, 0.0005306914878882847, 0.0004912368155092443, 0.0004634270311325346, 0.0004408695282201456, 0.0004244789104293085, 0.0004141136502720794, 0.0003991574848118096, 0.00038924812086684217, 0.0003787873088879416, 0.00036668580645000785, 0.0003578221549721971, 0.0003528633629469106, 0.00034497619036316743, 0.00033903114105006524, 0.0003306554495731874, 0.0003242137759501683, 0.0003177526913054477, 0.00031198057054021095, 0.000307032771130345, 0.00030099913099054565, 0.00029728417995117477, 0.000300353663032322, 0.00029293279226679924, 0.0002917507971672467, 0.0002798900393950674, 0.0002718041510364609, 0.00026651025652072504, 0.0002632402823310566, 0.00025548148871659915, 0.0002512087450082556, 0.0002431868379679114, 0.00024283243445837396, 0.00023941062065236017, 0.00023319889368071079, 0.00022626349059233473, 0.00023633934472592832, 0.0002486274722703117, 0.0002296879084512465, 0.0002147270148517406, 0.00020725253779022812, 0.0002006667930538119, 0.00019642824696286155, 0.00019342122477147792, 0.00021357103080737357, 0.00019894700245320072, 0.00018904561456095553, 0.00017970748900798922, 0.0001730432115313676, 0.000170987376388778, 0.00016653692259520323, 0.0001664402024273887, 0.00016110207798192278, 0.0001588530223856096, 0.00015536465342215784, 0.00015290532326740135, 0.00015208325018293336, 0.00015843788460804685, 0.00015479967876641333, 0.00014823372488135029, 0.00014399327705239372, 0.00013750547028178254, 0.00013465534203085984, 0.00013434250298413936, 0.00013219406426256776, 0.00013164230212924402, 0.0001309753427187265, 0.00012958448878943257, 0.00012862309283217794, 0.00012598794384788468, 0.00012484955189747624, 0.00012051065487420124, 0.00011809051678845485, 0.00011479644105085014, 0.00011218622547842689, 0.00011040821870773147, 0.00011059406109379162, 0.00010954492652179057, 0.00011205322294638066, 0.00010772721972158653, 0.0001065890467898344, 0.00010553426681465264, 0.00010299811130330376, 0.00010191057866658242, 9.866047450055179e-05, 9.821593957278341e-05, 9.807367573326486e-05, 9.786242305180768e-05, 9.951535247313648e-05, 9.919264161677132e-05], "val": [0.003192526831602057, 0.0029203485464677215, 0.002910189718628923, 0.002696696591253082, 0.0023565993566686907, 0.0019468647272636492, 0.0016869857208803296, 0.0015464761527255177, 0.0012801651610061526, 0.001098115889665981, 0.0010242293938063085, 0.0009242744805912176, 0.0008408051799051464, 0.0007883625803515315, 0.0007508719378771881, 0.0007600562724595269, 0.0007295807590708137, 0.0006860268767923117, 0.0006633259278411666, 0.0006483052081118027, 0.0006414869567379355, 0.0006572616402991116, 0.0006330276761824886, 0.0006367132882587612, 0.0006393448954137663, 0.0005949232145212591, 0.0005819736397825181, 0.000583442645923545, 0.0005837461212649941, 0.000584378547500819, 0.0005935695953667164, 0.0006241116013067464, 0.0006037041506109139, 0.0005901947345895072, 0.0005756560907078286, 0.0005772568207855026, 0.0005725280304128925, 0.0005794023939718803, 0.000574438056598107, 0.0005757113685831428, 0.0005810557631775737, 0.0005679445457644761, 0.0005587549530901015, 0.000562827840136985, 0.0005590796354226768, 0.0005689085810445249, 0.0006069075704241792, 0.0006012614855232338, 0.0005981696497959396, 0.0005840008961968124, 0.0005880916918007036, 0.000550390473411729, 0.0005451751834092041, 0.0005546197256383797, 0.0005666594176242749, 0.0005646640396056076, 0.0005508631002157927, 0.0005502672671961287, 0.0005431985482573509, 0.0005485999087492625, 0.0005568088575576743, 0.0005618651436331371, 0.0005481472277703384, 0.0005572430673055351, 0.0005508202399748067, 0.0005526916162731746, 0.0005613898974843323, 0.000579091584465156, 0.0005609902242819468, 0.0005594214502101144, 0.0005579903178537885, 0.0005468993137280146, 0.0005657119133199254, 0.000557254320786645, 0.0005622465008248886, 0.0005523316600980858, 0.0005688489375946423, 0.0005517809962232908, 0.0005611300778885683, 0.000569875817745924, 0.0005613462223360935, 0.0005693517353696128, 0.0005509392358362675, 0.0005613979689466456, 0.0005570573460621139, 0.0005738501398203274, 0.0005597968411166221, 0.0005757249115655819, 0.0005582683758499721, 0.0005524296429939568, 0.0005532563275968035, 0.0005533002355756859, 0.0005542876703354219, 0.000546430489824464, 0.0005680855247192085, 0.0005519164260476828, 0.0005473008495755494, 0.0005532630796854695, 0.0005547596762577692, 0.0005575726390816271]}