{"train": {"6": 2.4879142733093236, "12": 5.711761497104825, "18": 9.181143173141384, "24": 13.162353485478663}, "test": {"6": 2.8054489014770136, "12": 7.291562579704917, "18": 13.019871932220575, "24": 19.74219930859582}, "validation": {"6": 3.6920240355944784, "12": 9.800559795284057, "18": 17.595797489350506, "24": 26.56554411565303}}