{"train": [0.007900944656222804, 0.00562112344454767, 0.0044256719351650625, 0.0036975867353761806, 0.003110578958776931, 0.0026609325372518445, 0.0023274288871464855, 0.002089942690048717, 0.001883466358636864, 0.00174285214405276, 0.001651448016323579, 0.0015500091271510778, 0.0014531443397510543, 0.0013920286661372161, 0.0013062630122841902, 0.001254848008786336, 0.0012161059334424413, 0.0011691762294628236, 0.0011096946297125875, 0.0010520058165903355, 0.0009991626345261964, 0.0009738876880843065, 0.0009442083584841214, 0.0009272803479564798, 0.0008761529460236924, 0.0008424887101317191, 0.0008254221623860953, 0.0008017057848947011, 0.000774160759577241, 0.0007609276019651681, 0.0007315571286813078, 0.0006842865812856879, 0.0006664306122877309, 0.0006495522250347715, 0.0006363599273350297, 0.0006342673809546181, 0.0006255115430630966, 0.0006111479659353852, 0.0005976862503458451, 0.0005745449970062408, 0.0005601255752247734, 0.0005303184318000005, 0.0005117380532881834, 0.0005040607159175217, 0.0004994142650697245, 0.0004885368801366824, 0.00047709095884068735, 0.00045690946593138383, 0.0004445113943522581, 0.0004461133844765405, 0.00044258879400634515, 0.00043267772521059483, 0.00042855843167073437, 0.000417652046885023, 0.000412337366244298, 0.00039916016690285766, 0.00039647369119179493, 0.00039021769939259125, 0.00037303841634281376, 0.000372725117028269, 0.0003705054298804428, 0.000363389561990073, 0.00035843279105252947, 0.00035149121487117174, 0.0003442010486798966, 0.00032881451388830954, 0.00032960366195020004, 0.00032265787255407, 0.00032238216972939717, 0.000320124735784096, 0.0003261859072262867, 0.0003175282180851572, 0.00030365347424193693, 0.00029801407482666086, 0.00030456360011748597, 0.0002952053172575533, 0.00028746772998283245, 0.0002900392996979595, 0.000281811460669045, 0.00027593207647815015, 0.0002723917020305705, 0.00026964269375476317, 0.0002705409196772589, 0.00026817859726824646, 0.00026852145401012694, 0.0002649604420550267, 0.0002512646843437961, 0.0002481454121619045, 0.0002509601629124238, 0.0002495026626411734, 0.0002397314307235607, 0.0002290779567631081, 0.00022822241331813816, 0.0002285518756750215, 0.00022764248843354563, 0.00022302367238792527, 0.00022438229948459353, 0.00022006403073607784, 0.0002198107928658525, 0.00022119070618074093], "val": [0.012553314424373886, 0.010128668551756577, 0.008225048913366416, 0.006827076431363821, 0.005666301014240493, 0.004943108588287776, 0.004390895610082556, 0.003978724252771248, 0.003684298452836546, 0.0034731524700129576, 0.0033693108284337954, 0.0031386763280765576, 0.0030573213324797425, 0.0029476710320027037, 0.0028471937508914957, 0.0028160503663291984, 0.0027397464198822327, 0.0026334646284918895, 0.0025516551368954506, 0.00249009759334678, 0.002391226420348341, 0.002420383219776506, 0.0023759239649569445, 0.0022959549149329014, 0.0022402081310495055, 0.002287243873896924, 0.002225457394326275, 0.002195555833168328, 0.0021353018713522365, 0.0021908325037326326, 0.0020879020713354375, 0.002105966834774749, 0.0020674331357109954, 0.0020527753724970603, 0.002004260864024135, 0.002145878187465397, 0.00215399283809926, 0.002146234603556381, 0.0021316662526012146, 0.0021530729189345784, 0.002079729440579699, 0.0020286772156726906, 0.001956943978174505, 0.00196357388896021, 0.0019380288166840646, 0.0019421612907370384, 0.0019350667187774723, 0.0019418624102730644, 0.0019422383841381154, 0.001966928602831269, 0.0019169536059383643, 0.0019335449800233948, 0.0019094241275028749, 0.0018936751082285562, 0.0019063929847272282, 0.0018861525670879266, 0.001886042829772288, 0.0018906076279976828, 0.0018451893067156727, 0.0018486246699467301, 0.001873463466340168, 0.0019187465077266097, 0.001832270100501112, 0.0018353791357102718, 0.0018362820635295727, 0.0018347465930591252, 0.0018034628274935212, 0.0018251094258051705, 0.0018369407520036805, 0.0018477543119595132, 0.0018183414729058065, 0.0018166387136178937, 0.0018087803513150323, 0.001853562536945736, 0.0018553134604272518, 0.001839228450659324, 0.0018469315572557125, 0.0018125367774204774, 0.001816929249219935, 0.0017858423419635403, 0.0017716149609027939, 0.001787896453275938, 0.0017753840551118958, 0.0017868637223728001, 0.0017766161366704512, 0.0017774779116734862, 0.0017686761248941448, 0.0017878837005065923, 0.0017980676705271683, 0.001799332623539323, 0.0018000640292567286, 0.0017489211062308061, 0.001757141319103539, 0.0017559684135697105, 0.0017589460635049777, 0.0017455855003473434, 0.0017758483352901583, 0.0017696305241605098, 0.0017700253731825135, 0.001767559352711859]}