{"train": {"6": 1.8564864448507845, "12": 4.103404187828659, "18": 6.541776473401013, "24": 9.40267807394401}, "test": {"6": 2.4352960504697414, "12": 6.240496214673025, "18": 11.307492781792996, "24": 17.574441149030676}, "validation": {"6": 3.3088059124848104, "12": 8.58517209290066, "18": 15.67908993670382, "24": 24.013719195383846}}