{
    "train": {
        "6": 2.348048655523958,
        "12": 6.426759264245866,
        "18": 12.057871420097005,
        "24": 18.758502393886417
    },
    "test": {
        "6": 1.9856982380543378,
        "12": 5.430983987839989,
        "18": 10.402655302995235,
        "24": 16.44341681843336
    },
    "validation": {
        "6": 3.0109223272313264,
        "12": 8.183139056992532,
        "18": 15.413583010532323,
        "24": 23.974525233949237
    }
}