{"train": [0.003519714877040962, 0.0010100519452322968, 0.0006820764259427344, 0.0005968051974393301, 0.0005240235630604359, 0.0005302088294707049, 0.0004832111136253797, 0.0004559235693689562, 0.0003890955674667227, 0.0003728013186245936, 0.00034316345951638296, 0.00034127271856512813, 0.0003126428294354671, 0.00030403445974008136, 0.000301858223530748, 0.00032748343493055424, 0.00029589116111618734, 0.0002887899310612199, 0.00027895158490213426, 0.0002666939438667969, 0.00026253545267104913, 0.0002780285808435341, 0.0003762990149957428, 0.0003268927837903532, 0.0002762659665461535, 0.0002723432316689484, 0.00025451850758715516, 0.00025996843711038957, 0.0002694368383144739, 0.0002964320831825578, 0.00026526570594396, 0.0002574283924147139, 0.00025279702440148883, 0.00024634946613193696, 0.00023762694282765043, 0.00023716617838313834, 0.00024817539457926304, 0.00024137607828903374, 0.0002918280624109715, 0.0002779054321778812, 0.0005445097113359656, 0.0005201170922916036, 0.0003518712804534362, 0.00029574172601885146, 0.00027341000421043736, 0.00025796280706190833, 0.0002483175621048342, 0.00024547479219016446, 0.00024112525506544922, 0.000239992502660459, 0.00024334949459012408, 0.0002460546788593786, 0.0002545861596876945, 0.00024601955842858147, 0.00024415671029246524, 0.00024106223762658882, 0.00023809783047230884, 0.00023922672439997985, 0.00024210021464090984, 0.00023462132859572579, 0.00023531315155658807, 0.00024032123165868097, 0.00024242995709370253, 0.00023292126434941982, 0.00023136578423318342, 0.00022452554795733196, 0.0002190758608838038, 0.0002360758374117599, 0.00029657069806767215, 0.0002839810035380898, 0.00027101964396779755, 0.00024903672934762375, 0.000257748647512063, 0.00023278075623546995, 0.00022724661601202214, 0.00022171990293812132, 0.00022317774685581167, 0.00022588540495065498, 0.00022145490195617964, 0.00021199578413408314, 0.00021180667656955262, 0.00020675800673632046, 0.00020445605135183402, 0.00021285873317846365, 0.00019652418761664087, 0.00019792283767285773, 0.00020138695278654854, 0.00019761726977422014, 0.00021234036337434297, 0.00033293209597073746, 0.000539002084702064, 0.00045096959797389237, 0.00038618863741788316, 0.00034970671118047657, 0.00028201111077362577, 0.0002609629741913276, 0.0002541527281795486, 0.00024902972543683154, 0.00024898741389348534, 0.00024991963498720553], "val": [0.0030981164891272783, 0.002270698624973496, 0.002782943774946034, 0.005624407281478246, 0.004633243894204497, 0.03223881684243679, 0.032005952671170235, 0.0020323981686184802, 0.001430436095688492, 0.001869165066940089, 0.0021079688449390233, 0.0014952885297437508, 0.002104937060115238, 0.0014451144961640239, 0.019270050649841625, 0.0020104466238990426, 0.003029071648294727, 0.002042793009119729, 0.002004653176603218, 0.0027726794748256602, 0.0019381290379290779, 0.017935601994395256, 0.029691915959119797, 0.0030080225163449845, 0.0035154130309820175, 0.0031629108901446066, 0.0026275926114370427, 0.00499439868144691, 0.002691993839107454, 0.003425003921923538, 0.0024259143974632025, 0.0019617077972119055, 0.0018465352477505803, 0.001762037204268078, 0.0020803058675179877, 0.04053414240479469, 0.005296990896264712, 0.011195383034646511, 0.004961181587229173, 0.010637710802257061, 0.0038635057086745896, 0.00555510555083553, 0.0036649759858846664, 0.0034821178996935487, 0.0012590279414628942, 0.001199376672351112, 0.0014035285760958989, 0.0011544766020961106, 0.001208232114246736, 0.0012286552034008007, 0.0012628209272709985, 0.0012757067064133782, 0.0013930572119231026, 0.000964697760840257, 0.0010684924394202728, 0.0009465289573806027, 0.00123918834530438, 0.0011586413408319156, 0.0014974678051657975, 0.0011789943867673476, 0.0010456957582694788, 0.001180046140992393, 0.0015368112750972311, 0.0011144030334738393, 0.001270348400187989, 0.0010597420429500441, 0.0012115318289337058, 0.007458253142734368, 0.003927815433902045, 0.0024268314397583404, 0.0027300865428211787, 0.0016430783240745466, 0.0017002245294861495, 0.0011692951084114611, 0.0014433976418028276, 0.001284033040671299, 0.0010178218750904005, 0.001327250327449292, 0.00130334502318874, 0.001468160985192905, 0.002528346454103788, 0.0013346550792145233, 0.0014748009659039478, 0.002029675718707343, 0.0030637687693039575, 0.002817606320604682, 0.0025750198789561787, 0.002007025759667158, 0.0026987551245838404, 0.013596364296972752, 0.004160905101646979, 0.00565160329764088, 0.006075535512839754, 0.0018958553555421531, 0.0012654401555967827, 0.0008538057445548475, 0.0013442576358405252, 0.0014498186840986211, 0.0012375949881970882, 0.0010818744776770473]}