{"train": {"6": 3.1601401281999673, "12": 8.615928813873472, "18": 15.467814181009265, "24": 23.271891978300737}, "test": {"6": 2.897461443085869, "12": 7.794107656567347, "18": 13.909735552027602, "24": 20.928059303297275}, "validation": {"6": 4.193414028551678, "12": 11.252309078574152, "18": 20.02232535616902, "24": 30.01207267324056}}