{"train": [0.0026585618527290426, 0.0025505665393735647, 0.0025427781905726357, 0.002520265706846396, 0.002090557577025335, 0.001696105646877155, 0.001358811099326901, 0.0011695477168344088, 0.0010359105141044167, 0.0009497851764751693, 0.0008475947123754896, 0.0007974671745491293, 0.0007407727081060284, 0.0007016819243721854, 0.000666584197029282, 0.0006322440271013242, 0.0006118645631092585, 0.0005987642024114918, 0.0005713016844465066, 0.0005614868088001859, 0.00054023451599987, 0.0005230715767661962, 0.0005214735505494715, 0.0005056644401165767, 0.0004936154474014953, 0.0004859334859263026, 0.0004737976335691509, 0.0004684159130655166, 0.00046445324008700326, 0.0004581618433526196, 0.0004510570443787817, 0.0004420556790013877, 0.00043356127669971626, 0.0004318554933040829, 0.0004240553579451043, 0.0004229045520394535, 0.0004207676338718541, 0.0004218296873998844, 0.0004107982834793185, 0.0004124175584519882, 0.000402678559944665, 0.0003999884766171355, 0.0004071458948231539, 0.00039935305613977043, 0.000392175859661173, 0.00039570677780814597, 0.00039060579729266465, 0.0003850647713002449, 0.0003819926005543478, 0.00037808059882451546, 0.00038075532667512487, 0.00037986365091687035, 0.0003905490828062392, 0.0003778820273355912, 0.00036859046643149994, 0.0003795178505489445, 0.0003664099364206037, 0.00036191487323761115, 0.00036309469615551247, 0.0003621823584041321, 0.00036249406955410113, 0.0003617243755952124, 0.0003585471444609338, 0.00036141316710292535, 0.0003517802202407176, 0.00037019455808380585, 0.00035937768367703184, 0.0003561432181336617, 0.00035160957363047403, 0.0003535227674469983, 0.0003547363574675805, 0.00035019090223536526, 0.00033916910455199115, 0.00034799574927616296, 0.00034837839460016184, 0.0003427977171051711, 0.00033713879864820736, 0.0003430635122763845, 0.0003478730253291206, 0.0003425340487333646, 0.0003436097393791049, 0.0003390562690013104, 0.0003362810688085412, 0.00034619928155118064, 0.00033964887207129307, 0.00033872056889576614, 0.00034186753870572075, 0.0003453724326021275, 0.0003341499464961274, 0.0003400600877377378, 0.00033724565804793923, 0.0003344947388356204, 0.0003336979970592469, 0.0003259243304008555, 0.00034782786259696016, 0.00033352215516862415, 0.00032678213423331095, 0.000325056740035445, 0.00032608524597273604, 0.000322744870850406], "val": [0.0037667311262339354, 0.003766602991769711, 0.0037693798076361418, 0.0036411726226409278, 0.0029971598026653132, 0.0024713064776733518, 0.002210907832098504, 0.0019108059350401163, 0.001815823062012593, 0.0016362140498434503, 0.0016405873466283083, 0.0014623293342689674, 0.0013259926927275956, 0.0013198198090928297, 0.0012110719496073823, 0.0011869362788274884, 0.0010786089308870335, 0.0011065993652058144, 0.0010821310958514612, 0.001013710357559224, 0.0009807039362688859, 0.0009559615864418447, 0.0009340968487473825, 0.0009201557259075344, 0.000898852381700029, 0.0009603492411163946, 0.0009221220971085131, 0.0008561293943785131, 0.000824646772040675, 0.0008195494689668218, 0.0008477172814309597, 0.0007928150007501245, 0.0007534236647188663, 0.0007595753413625062, 0.000761278458715727, 0.0008076694793999195, 0.0007212839360969762, 0.0007928681055394312, 0.0007099573267623782, 0.0007105221933064362, 0.000708133641940852, 0.0007334120261172453, 0.0006891735441361865, 0.0006609684011588494, 0.0006742890497359136, 0.0007191669622746607, 0.0006428836301590005, 0.0006514312311386069, 0.0006738069350831211, 0.0006662804128912588, 0.0006364561268128455, 0.0006760578059280912, 0.0006571730288366476, 0.0006587674142792821, 0.0006439078521604339, 0.0006079215478772918, 0.0006183731602504849, 0.0006073919745783011, 0.0005918042540239791, 0.000591951907457163, 0.0006242268718779087, 0.0006449962384067476, 0.0006070795546596249, 0.0006115235155448318, 0.0006166339929526051, 0.0006358051129306356, 0.000562345104602476, 0.0005627369003680845, 0.0005865429023591181, 0.0006052689277566969, 0.000605167083752652, 0.0005469658256818851, 0.0006229721863443652, 0.0005360088349940876, 0.0005773555021733046, 0.0006063408606375257, 0.0005360006277138988, 0.0006009894229161242, 0.0005962736516570052, 0.0005510428357714167, 0.0005759629614961644, 0.0005584208023113509, 0.000534319638973102, 0.0005760917556472123, 0.0005418925235668818, 0.0005424558379066488, 0.0005254360924785336, 0.0005652089894283563, 0.0005279868491925299, 0.0005730250656294326, 0.0005550058752608796, 0.0005103339402315518, 0.0005198959455204507, 0.0005728805554099381, 0.0005279484709414343, 0.0006050542385006944, 0.0004988844642260423, 0.0005202028648151705, 0.0005282534402795136, 0.0005461805558297783]}